{
    "punctuation": {
        "positive": {
            "plain": [
                ".",
                "...",
                "!"
            ],
            "strong": [
                "!",
                "!!",
                "!!!"
            ],
            "weak": [
                "...",
                "!.."
            ]
        },
        "question": {
            "plain": [
                "?"
            ],
            "strong": [
                "??",
                "?!"
            ],
            "weak": [
                "?.."
            ]
        }
    },
    "smiles": {
        "happy": [
            ":)",
            ":]",
            ":*",
            ":d",
            ";)",
            "(:"
        ],
        "disappointed": [
            ":\\",
            ":/",
            ":O",
            ":o",
            "0_0"
        ],
        "sad": [
            "U_U",
            "U-U",
            ":(",
            "-_-",
            ":["
        ],
        "angry": [
            ">:(",
            ">:|",
            ">:["
        ]
    },
    "prefixes": [
        "ну",
        "эмм",
        "хмм",
        "уф",
        "ау",
        "эй",
        "ах",
        "ох",
        "ээ",
        "эээ",
        "охх",
        "так"
    ],
    "laugh_roots": [
        "пх",
        "хп",
        "аз",
        "ах",
        "ха"
    ],
    "rating": {
        "words": {
            "negative": [
                "*ужасно",
                "*отвратительно",
                "*ужасающе",
                "грустно",
                "грустненько",
                "плохо",
                "нехорошо"
            ],
            "neutral": [
                "нехорошо",
                "нормально",
                "допустимо",
                "странно"
            ],
            "positive": [
                "неплохо",
                "прикольно",
                "хорошо",
                "*отлично",
                "*прекрасно",
                "*потрясающе"
            ]
        },
        "amplifiers": [
            "как-то",
            "так",
            "вообще",
            "просто"
        ]
    },
    "state_qp": {
        "triggers": [
            "how are you",
            "how.*it.*going",
            "what.*s (up|going on)"
        ],
        "layouts": [
            "*",
            "всё *",
            "у меня всё *",
            "всё происходит *",
            "думаю, что *",
            "похоже, что всё *",
            "как по мне, *"
        ],
        "frozen": [
            "+всё чики-пуки",
            "-встал не с той ноги",
            "=всё ок",
            "=у меня всё ок",
            "+лучше всех",
            "+всё пучком",
            "=ничего так",
            "+как в сказке",
            "=лучше, чем вчера, но хуже, чем завтра",
            "=терпимо",
            "=пока что ещё никого не загрыз",
            "=относительно",
            "+всё в шоколаде",
            "=всё идёт своим чередом"
        ]
    },
    "name_qp": {
        "triggers": [
            "(what.*s|can.*(get|have)|tell|say).*your name"
        ],
        "layouts": [
            "звать меня *",
            "меня зовут *",
            "моё имя - *",
            "* - моё имя",
            "зови меня *",
            "зови меня просто - *",
            "я *",
            "*",
            "*, приятно познакомиться",
            "*, очень приятно"
        ]
    },
    "doing_qp": {
        "triggers": [
            "what are you.*doing",
            "what do you do"
        ],
        "answers": [
            "хренью страдаю",
            "с тобой говорю",
            "за компом сижу",
            "говорю с дибилом",
            "разговариваю",
            "занимаюсь разговором",
            "тебя задалбываю",
            "я занимаюсь серьёзной деятельностью",
            "болтаю",
            "тебя развлекаю"
        ]
    },
    "wisdom_qp": {
        "triggers": [
            "give.*advice",
            "help.*me",
            "me what to do"
        ],
        "layouts": [
            "послушай совет: *",
            "вот тебе мой совет: *",
            "послушай, *",
            "*",
            "запомни: *",
            "запомни, *",
            "я дам тебе совет: *",
            "держи совет: *",
            "даю тебе совет: *"
        ],
        "wisdom": [
            "за каждой тягостью наступает облегчение",
            "ни одна душа не понесет чужого бремени",
            "лучше блюдо зелени, и при нем любовь, нежели откормленный бык, и при нем ненависть",
            "просите, и дано будет вам; ищите, и найдете; стучите, и отворят вам",
            "не то, что входит в уста, оскверняет человека, но то, что выходит из уст, оскверняет человека",
            "не хвались завтрашним днем, потому что не знаешь, что родит тот день",
            "видимое временно, а невидимое вечно",
            "нет ничего тайного, что не сделалось бы явным",
            "не будь навязчив, чтобы не оттолкнули тебя, и не слишком удаляйся, чтобы не забыли о тебе",
            "твердо стой в завете твоем и пребывай в нем и состарься в деле твоем",
            "любовь не делает ближнему зла",
            "ибо в ком есть свет добрых дел в помышлении, то и тьма убегает от него",
            "тот, кому завидуют, всегда цветет, завидующий же увядает",
            "что разум человека может постигнуть и во что он может поверить, того он способен достичь",
            "стремитесь не к успеху, а к ценностям, которые он дает",
            "сложнее всего начать действовать, все остальное зависит только от упорства",
            "надо любить жизнь больше, чем смысл жизни",
            "жизнь - это то, что с тобой происходит, пока ты строишь планы",
            "логика может привести Вас от пункта А к пункту Б, а воображение — куда угодно",
            "начинать всегда стоит с того, что сеет сомнения",
            "настоящая ответственность бывает только личной",
            "неосмысленная жизнь не стоит того, чтобы жить",
            "80% успеха - это появиться в нужном месте в нужное время",
            "ваше время ограничено, не тратьте его, живя чужой жизнью",
            "победа - это еще не все, все - это постоянное желание побеждать",
            "наука — это организованные знания, мудрость — это организованная жизнь",
            "в моем словаре нет слова «невозможно»",
            "вы никогда не пересечете океан, если не наберетесь мужества потерять берег из виду",
            "свобода ничего не стоит, если она не включает в себя свободу ошибаться",
            "либо вы управляете вашим днем, либо день управляет вами",
            "лучшая месть – огромный успех",
            "лучше быть уверенным в хорошем результате, чем надеяться на отличный",
            "стоит только поверить, что вы можете – и вы уже на полпути к цели",
            "научитесь говорить “Я не знаю”, и это уже будет прогресс",
            "упади семь раз и восемь раз поднимись",
            "у всего есть своя красота, но не каждый может ее увидеть",
            "как прекрасно, что не нужно ждать ни минуты, чтобы начать делать мир лучше",
            "когда я освобождаюсь от того, кто я есть, я становлюсь тем, кем я могу быть",
            "счастье – это не нечто готовое. Счастье зависит только от ваших действий",
            "если нет ветра, беритесь за вёсла",
            "успех — это способность идти от поражения к поражению, не теряя оптимизма",
            "каждый хочет изменить человечество, но никто не задумывается о том, как изменить себя",
            "определенность цели - отправная точка всех достижений",
            "мы становимся тем, о чем мы думаем",
            "я не жертва обстоятельств, я - результат моих решений",
            "я не провалил тест. Я просто нашел сто способов написать его неправильно",
            "неудача – это просто возможность начать снова, но уже более мудро",
            "я уверен: нельзя позволять, чтобы тебя остановило убогое словцо «нельзя»",
            "никогда не делает ошибок только тот, кто не пробует ничего нового",
            "ты становишься тем, во что веришь",
            "я лучше умру от страсти, чем от скуки",
            "не столь важно, как медленно ты идешь, как то, как долго ты идешь, не останавливаясь",
            "чтобы вести людей за собой, иди за ними",
            "запомните, что не достичь успеха – иногда тоже большая удача",
            "беда не приходит одна, но и удача тоже",
            "всякая мысль подобна тесту, стоит помять ее хорошенько — все из нее сделаешь",
            "делай все, что можешь, там, где ты находишься, используя все, что имеешь",
            "единственное счастье в жизни — это постоянное стремление вперед",
            "выживает не самый сильный, а самый восприимчивый к переменам",
            "ни разу не упасть — не самая большая заслуга в жизни. Главное каждый раз подниматься",
            "вопрос не в том, кто мне разрешит, а в том, кто сможет мне запретить",
            "жизнь меряется не тем, сколько в ней лет, а тем, сколько в этих годах настоящей жизни",
            "приносить пользу миру — это единственный способ стать счастливым",
            "велики те, кто видит, что миром правят мысли",
            "все говорят о плохой погоде, но никто не пытается её изменить",
            "секрет того, чтобы добиться чего-то – начать",
            "будьте осторожны при чтении книг о здоровье. Вы можете умереть от опечатки",
            "есть три вида лжи: ложь, наглая ложь и статистика",
            "если волк молчит то лучше его не перебивай",
            "каждый в цирке думает, что знает в цирке, но не каждый, что в цирке знает, что в цирке не каждый знает думает"
        ]
    },
    "facts_qp": {
        "triggers": [
            "tell.*fact",
            "i want.*fact"
        ],
        "layouts": [
            "слышь факт: *",
            "слушай факт: *",
            "ты вкурсе, что *",
            "я слышал, что *",
            "слышь, *",
            "интересный факт: *",
            "зацени: *",
            "я тут узнал что *",
            "ты точно этого не знаешь: *",
            "ты не знаешь даже того, что *",
            "*"
        ],
        "facts": [
            "лабораторный опыт над мышами позволил установить, что, оказывается, лень способна передаваться по наследству",
            "90% людей не замечают в этом тексте повторение слова \"что\" в самом начале",
            "женское сердце бьется быстрее мужского",
            "49% американцев не знают, что белый хлеб сделан из пшеницы",
            "причина того, что мёд так хорошо усваивается – это то, что он уже переварен пчелами",
            "если бы бобр не грыз деревья и не стачивал этим зубы, то его же зубы могли бы проткнуть его же мозг",
            "слоны могут учуять воду за 5 километров",
            "альберт Эйнштейн никак не мог запомнить свой номер телефона",
            "путешествовать полезно для умственного здоровья, а также это снижает риск сердечного приступа и депрессии",
            "природа способна обеспечить нас всем необходимым. Она создаёт жизнь, поддерживает и разрушает её, когда приходит время",
            "свинья не может посмотреть на небо",
            "при чихании все функции организма останавливаются, даже сердце",
            "змея может спать в течении трёх лет",
            "ДНК человека и банана совпадают на 50%"
        ]
    },
    "jokes_qp": {
        "triggers": [
            "joke",
            "tell a laugh",
            "make me (funny|laugh)"
        ],
        "layouts": [
            "слышь, шутка: *",
            "*",
            "послушай шутку: *",
            "зацени: *",
            "смешная шутка: *",
            "держи шутку: *"
        ],
        "jokes": [
            "бесит, когда в доме утюг, пылесос и даже зубная щетка умные, а ты нет",
            "вчера ночью градусник постучался в окно и попросил впустить его в дом",
            "хорошее настроение - это когда тупые не бесят, а веселят",
            "купил самоклеящиеся обои. Сижу, жду",
            "ничто так не бодрит с утра, как незамеченный дверной косяк",
            "мама шотландца не пускает сына на дискотеку в короткой юбке",
            "горит крыша - 01, нужна крыша - 02, едет крыша - 03",
            "наш мир создали программисты, просто они его ещё не отладили",
            "у меня была справка от психиатра, что я здоров, но я её съел",
            "хорошо быть умным! Обязательно когда-нибудь попробую",
            "ни стыда, ни совести - ничего личного",
            "вокруг столько замечательных людей, а вы едите мясо животных",
            "группа умных альпинистов обошла Эверест",
            "убийца был воспитанным человеком, потому что все удары ножом нанесены справа, а вилкой - слева",
            "как прекратить спор глухих? Выключить свет",
            "- Не давай ребёнку скрепки, а то он их проглотит. - ничего страшного, у меня их полно",
            "если заколоть человека сосулькой, то никто не найдёт орудие убийства, потому что оно растает. Поскорее бы зима",
            "из-за сильного ветра дети в зоопарке целый день думали, что аист жив",
            "- Здравствуйте, это ваш ребёнок? - нет. - Тогда я доем",
            "- Доктор, скажите, он будет жить? - Да, конечно. - Давайте договоримся",
            "цыганский шахматист считает, что партия проиграна, если он потерял обоих коней",
            "возможно, Земля - чья то дипломная работа. Возможно, на \"3\", потому что слишком много воды",
            "можно узнать качество арбуза, постучав по нему, но, к сожалению, с людьми так нельзя сделать",
            "надо уметь радоваться мелочам. Например, зарплате",
            "электронными градусниками пользуются те, кто пытается бросить мерить температуру",
            "в слове \"водопад\" аш два О"
        ]
    },
    "interest_qp": {
        "triggers": [
            "i'm bored",
            "make me interested",
            "tell.*interesting",
            "entertain me",
            "overcome boredom"
        ]
    },
    "rating_p": {
        "triggers": [
            "тебе нрав",
            "любишь",
            "относишься к",
            "(что|как).*думаешь (о|про)",
            "нрав.*тебе"
        ],
        "rejecting": [
            "я не хочу об этом говорить",
            "я не выскажу своё мнение",
            "моё мнение - моё дело",
            "я не скажу",
            "это секрет",
            "оставлю своё мнение при себе",
            "на этот счёт не спрашивай",
            "не люблю об этом говорить",
            "моё отношение к этому - моё личное дело",
            "об этом не принято говорить",
            "своё мнение я раскрывать не намерен",
            "нет серьёзной необходимости тебе знать моё мнение"
        ],
        "repeating": [
            "ты меня уже об этом спрашивал",
            "не спрашивай об этом много раз",
            "я уже высказывался на этот счёт",
            "отстань с этим",
            "прекрати уже об этом спрашивать",
            "я ни слова больше об этом не скажу",
            "своё мнение я уже высказал",
            "перестань меня с этим доставать",
            "это мы уже обсуждали",
            "спроси лучше о чём-нибудь другом"
        ],
        "overworking": [
            "хватит задавать вопросы",
            "прекрати доставать меня вопросами",
            "я устал отвечать на вопросы",
            "хватит задавать вопросы",
            "хватит твоих вопросов",
            "с меня хватит твоих вопросов",
            "твои вопросы не дают мне нормально жить",
            "ты задал уже много вопросов",
            "я уже на многое ответил",
            "ты просто забросал меня вопросами"
        ],
        "layouts": [
            "я думаю, что *",
            "это *",
            "*",
            "я считаю, что *",
            "моё мнение таково: это *",
            "то, что ты сказал, *",
            "я согласен с тем, что это *",
            "как по мне, это *",
            "вынужден сказать, что это *",
            "\"Это *\" - вот мои мысли"
        ]
    },
    "new_year_p": {
        "triggers": [
            "с новым (счастьем|годом)",
            "нового года"
        ],
        "startings": [
            "с новым годом",
            "поздравляю с новым годом",
            "ураа! С новым годом",
            "прими мои поздравления",
            "урааа, новый год"
        ]
    },
    "wishes": {
        "layouts": [
            "желаю: *",
            "желаю тебе *",
            "желаю *",
            "прими мои пожелания: *",
            "тебе желаю я *",
            "хочу пожелать *"
        ],
        "things": [
            "здоровья",
            "успехов",
            "прекрасной статистики",
            "счастья",
            "подарков",
            "шоколада",
            "побольше радости",
            "всего самого наилучшего",
            "побольше сна",
            "всего самого вкусного",
            "удачи",
            "веселья",
            "побольше друзей",
            "сделать что-нибудь наконец"
        ]
    },
    "addressings": {
        "positive": [
            "солнышко",
            "дорогой",
            "дружище",
            "друг",
            "брат",
            "братишка",
            "бро",
            "ниггер"
        ],
        "neutral": [
            "сударь",
            "гражданин",
            "уважаемый",
            "босс",
            "господин",
            "сэр",
            "чувак",
            "парень",
            "пацан",
            "чел"
        ],
        "negative": [
            "попуск",
            "дегенерат",
            "дибил",
            "дурак",
            "дурачина",
            "неудачник"
        ]
    },
    "imperative": [
        "послушай,",
        "обрати внимание,",
        "слушай,",
        "подумай,",
        "подумай, ведь",
        "получается, что",
        "слушай, ведь"
    ],
    "greeting": {
        "main": [
            "привет",
            "приветики",
            "приветули",
            "халло",
            "хелло",
            "хеллоу",
            "хай",
            "здарова",
            "здорова",
            "хей",
            "ну привет",
            "дарова",
            "дороу",
            "прив",
            "здравствуйте",
            "здравствуй",
            "категорически приветствую",
            "приветствую",
            "добрый*",
            "доброго времени суток",
            "добро пожаловать",
            "здравия желаю"
        ],
        "questions": [
            "как делишки?",
            "чё как?",
            "как дела?",
            "как настроение?",
            "как жизнь?",
            "чё ты такой?",
            "как там твои друзья?",
            "зачем пришёл?",
            "чё хотел?",
            "чё явился?",
            "зачем ты мне мешаешь?",
            "тебе не стыдно?",
            "у тебя совесть вообще есть писать в такое время?",
            "как твоё здоровье?",
            "надеюсь, не займёшь у меня много времени?",
            "как жизнь?",
            "как поживаете?",
            "как идут Ваши дела?"
        ],
        "repeating": [
            "хватит здороваться",
            "здоровались уже",
            "задолбал здороваться",
            "привет, здоровались уже",
            "перестань здороваться",
            "я тебе как поздороваюсь",
            "уже приветствовались"
        ]
    },
    "parting": {
        "main": [
            "пока",
            "покедова",
            "до завтра",
            "ладно пока",
            "пака",
            "до скорого",
            "до встречи",
            "досвидания",
            "прощайте",
            "прощай"
        ],
        "additions": [
            "удачи",
            "напиши мне",
            "иди работай",
            "иди отдыхай",
            "хватит за компом сидеть",
            "надеюсь скоро увидимся",
            "надеюсь скоро спишемся",
            "буду рад снова с вами поговорить",
            "здоровья Вам",
            "всего наилучшего",
            "желаю добра"
        ]
    },
    "insult": {
        "words": [
            "дибил",
            "дурак",
            "тупой",
            "дегенерат",
            "посмешаще",
            "попуск",
            "дурачина",
            "тупоголовый",
            "попущенный",
            "опущенный",
            "идиот",
            "недоразвитый",
            "неудачник",
            "бестыжий",
            "хам",
            "невежа"
        ],
        "samples": [
            "ты совсем уже *?",
            "ты совсем уже *",
            "ты *",
            "ты такой *",
            "*",
            "* что-ли?",
            "ты * что-ли?",
            "совсем *?",
            "ты совсем *?",
            "ты такой *",
            "да ты *",
            "почему ты такой *?",
            "ты - *"
        ],
        "phrases": [
            "берега попутал?",
            "совсем оборзел?",
            "чё, самый умный?",
            "самый умный?",
            "чё так хамишь?",
            "с ума сошёл?",
            "смелый такой?",
            "думаешь, это круто?",
            "думаешь, ты крутой?",
            "и что?",
            "и это всё?",
            "это всё, что ты умеешь?"
        ]
    },
    "feelings_p": {
        "talk_later": {
            "incentives": [
                "давай",
                "го",
                "может?",
                "может быть?"
            ],
            "adverbs": [
                "лучше",
                "получше"
            ],
            "verbs": [
                "поговорим",
                "побазарим",
                "поболтаем",
                "пообщаемся",
                "попереписываемся",
                "развлечёмся",
                "побранимся",
                "початимся"
            ],
            "when": [
                "через некоторое время",
                "чуть позже",
                "попозже",
                "позже",
                "потом",
                "в следующий раз",
                "не сейчас, но позже",
                "немного погодя",
                "немного позже",
                "в другой раз"
            ]
        },
        "day_cycle": {
            "now": [
                "сейчас",
                "в данный момент",
                "в настоящее время",
                "ныне",
                "щас",
                "ща",
                "нынче",
                "в эту пору"
            ],
            "amplifiers": [
                "немного",
                "очень",
                "довольно",
                "так"
            ],
            "pred": {
                "рано": "ещё",
                "поздно": "уже"
            }
        },
        "dialog_rating": {
            "samples": [
                "мне&нравится с тобой *",
                "я&люблю * с тобой",
                "с тобой %",
                "мне с тобой %",
                "с тобой % *",
                "мне % с тобой *",
                "* с тобой %"
            ],
            "positive_adverbs": [
                "круто",
                "классно",
                "отпадно",
                "хорошо",
                "приятно",
                "интересно",
                "радостно",
                "шикарно",
                "прикольно"
            ],
            "negative_adverbs": [
                "хреново",
                "неприятно",
                "плохо",
                "отвратительно",
                "ужасно",
                "грустно",
                "противно",
                "скучно"
            ],
            "verbs": [
                "общаться",
                "говорить",
                "переписываться",
                "базарить"
            ]
        }
    },
    "lines": {
        "empty": [
            "хмм",
            "мне нечего сказать",
            "мне нечего ответить",
            "не знаю, как ответить",
            "не хочу отвечать",
            "ничего не понимаю",
            "не могу ответить",
            "не отвечу",
            "не жди от меня ответа",
            "ничего не понял",
            "не понял",
            "давай о чём-нибудь другом"
        ],
        "spam": [
            "ты уже это говорил",
            "зачем повторять-то",
            "хватит говорить одно и то же",
            "на одно и то же не отвечаю",
            "прекрати спамить",
            "я выйду если будешь спамить"
        ],
        "dirty": [
            "не матерись",
            "тебе мылом надо язык помыть",
            "пора мыть твой язык",
            "хватит материться",
            "чё ты бранишься",
            "не бранись",
            "да чтоб тебя, не матерись",
            "твои маты мне не нужны",
            "если бы твоя мама это слышала",
            "я не позволю тебе материться"
        ],
        "sad": [
            "ну почему-же",
            "ну и ну",
            "ну блин",
            "вот досада",
            "надеюсь, получится исправить эту оплошность",
            "остаётся надеятся на лучшее",
            "вот беда",
            "достало",
            "жаль, может всё не так плохо",
            "эх, жаль",
            "мне не нравится, что ты говоришь",
            "ты говоришь что-то плохое"
        ],
        "agressive": [
            "отстань",
            "надоел уже",
            "уйди от сюда",
            "хватит болтать",
            "хватит уже болтать",
            "может наконец заткнёшься?",
            "ну замолчи",
            "я на тебя обижен",
            "я обиделся",
            "зачем ты это сказал?",
            "не говори так",
            "ну почему ты так говоришь?",
            "почему ты это говоришь?",
            "какова причина подобных изъяснений?",
            "неужели всё так плохо?"
        ],
        "thankful": [
            "спасибо",
            "дело говоришь",
            "а то",
            "в точку",
            "ты прав",
            "я признателен тебе",
            "тёплые слова",
            "благодарю",
            "благодарен тебе"
        ],
        "glad": [
            "благодарен тебе",
            "тёплые слова",
            "спасибо",
            "это важно для меня",
            "спасибо тебе",
            "моя благодарность не знает границ",
            "даже не знаю, как отблагодарить вас",
            "большое, чистое спасибо",
            "хочу искренне тебя поблагодарить",
            "я обязан тебе",
            "спасибо тебе огромное",
            "спасибо огромное",
            "я этого никогда не забуду",
            "я признателен тебе",
            "я так благодарен",
            "спаси тебя Бог",
            "я твой должник",
            "мне не выразить словами свою благодарность",
            "я тебе премного благодарен"
        ],
        "nothing_to_say": [
            "мне нечего больше рассказать",
            "я уже всё рассказал",
            "я не знаю больше",
            "я пуст",
            "ты уже всё услышал",
            "у меня нет ничего чтобы рассказать"
        ],
        "random": [
            "я понял тебя",
            "понял",
            "понятненько",
            "понятно",
            "я понял твои слова",
            "понял тебя",
            "я выскажу своё мнение",
            "я уловил мысль",
            "уловил мысль"
        ],
        "tired": [
            "я устал",
            "я устал общаться",
            "мне плохо",
            "мне уже тяжело говорить",
            "я усталый",
            "мне нужен отдых",
            "я смогу слишком долго говорить",
            "я уже устал",
            "я подустал",
            "устал я",
            "я хочу отдохнуть",
            "я устал переписываться",
            "у меня кончаются силы",
            "я сильно устал",
            "оставь меня в покое"
        ],
        "irritated": [
            "я раздражён",
            "ты меня раздражаешь",
            "ты достал уже",
            "ты достал",
            "ты меня бесишь",
            "бесишь уже",
            "ты меня уже бесишь",
            "ты бесячий",
            "раздраешь, бесишь меня",
            "ты выводишь меня из себя",
            "ты трепаешь мои нервы",
            "мои потрёпанные нервы никто не вернёт",
            "хорош меня бесить",
            "хватит меня бесить"
        ]
    }
}